time,F1,F2,F3,F4,F5,F6,F7,F8,CLR,session_id,session_name,NDCI,F8_F4,F8_change_pct,toxicity_level
2026-02-22 15:18:21.751017,255,259,294,371,411,529,599,737,2746,2026-02-22T15:18:21.748598,,0.3303249097472924,1.986522911051213,,No baseline
2026-02-22 15:18:22.116533,255,259,294,371,412,533,602,745,2757,2026-02-22T15:18:21.748598,,0.3351254480286738,2.0080862533692723,,No baseline
2026-02-22 15:18:22.852214,251,253,288,364,397,517,584,723,2711,2026-02-22T15:18:21.748598,,0.3302667893284268,1.9862637362637363,,No baseline
2026-02-22 15:18:23.587848,247,248,283,357,398,518,583,722,2716,2026-02-22T15:18:21.748598,,0.3382761816496756,2.022408963585434,,No baseline
2026-02-22 15:18:24.323834,256,259,294,372,417,538,609,754,2770,2026-02-22T15:18:21.748598,,0.3392539964476021,2.0268817204301075,,No baseline
2026-02-22 15:18:25.060833,257,260,295,373,420,540,613,757,2840,2026-02-22T15:18:21.748598,,0.3398230088495575,2.029490616621984,,No baseline
2026-02-22 15:18:25.799973,210,214,253,330,833,716,1244,1095,11857,2026-02-22T15:18:21.748598,,0.5368421052631579,3.3181818181818183,,No baseline
2026-02-22 15:18:28.005708,179,196,230,284,316,378,395,454,2676,2026-02-22T15:18:21.748598,,0.2303523035230352,1.5985915492957747,,No baseline
2026-02-22 15:18:28.741974,209,211,247,333,355,412,450,545,2547,2026-02-22T15:18:21.748598,,0.2414578587699316,1.6366366366366367,,No baseline
2026-02-22 15:18:29.478018,200,208,244,332,344,402,439,535,2520,2026-02-22T15:18:21.748598,,0.2341407151095732,1.6114457831325302,,No baseline
2026-02-22 15:18:54.308167,191,203,236,315,336,382,425,514,2485,2026-02-22T15:18:54.305484,,0.2400482509047044,1.6317460317460315,-0.9633911368015412,No / Very Low
2026-02-22 15:18:54.508579,193,203,237,317,340,389,431,521,2505,2026-02-22T15:18:54.305484,,0.2434367541766109,1.6435331230283912,0.3853564547206166,No / Very Low
2026-02-22 15:18:55.244238,194,205,239,321,342,389,432,522,2501,2026-02-22T15:18:54.305484,,0.2384341637010676,1.6261682242990654,0.5780346820809248,No / Very Low
2026-02-22 15:18:55.980663,194,205,239,320,341,388,432,521,2501,2026-02-22T15:18:54.305484,,0.2390011890606421,1.628125,0.3853564547206166,No / Very Low
2026-02-22 15:18:56.716624,193,204,238,318,341,388,431,521,2501,2026-02-22T15:18:54.305484,,0.2419547079856972,1.6383647798742138,0.3853564547206166,No / Very Low
2026-02-22 15:18:57.453824,193,204,237,318,339,386,429,519,2493,2026-02-22T15:18:54.305484,,0.2401433691756272,1.6320754716981132,0.0,No / Very Low
2026-02-22 15:18:58.189346,192,203,237,317,339,386,429,519,2497,2026-02-22T15:18:54.305484,,0.2416267942583732,1.637223974763407,0.0,No / Very Low
2026-02-22 15:18:58.925856,193,204,237,317,339,386,429,518,2495,2026-02-22T15:18:54.305484,,0.2407185628742515,1.6340694006309149,-0.1926782273603083,No / Very Low
2026-02-22 15:18:59.663392,193,204,237,317,341,389,432,522,2502,2026-02-22T15:18:54.305484,,0.2443384982121573,1.6466876971608833,0.5780346820809248,No / Very Low
2026-02-22 15:19:00.396919,194,205,239,320,342,389,433,523,2502,2026-02-22T15:18:54.305484,,0.2408066429418742,1.634375,0.7707129094412332,No / Very Low
2026-02-22 15:19:01.133660,194,205,239,319,342,388,432,522,2502,2026-02-22T15:18:54.305484,,0.2413793103448276,1.6363636363636365,0.5780346820809248,No / Very Low
2026-02-22 15:19:01.870824,194,205,239,320,343,389,433,524,2503,2026-02-22T15:18:54.305484,,0.2417061611374407,1.6375,0.9633911368015412,No / Very Low
2026-02-22 15:19:02.606901,194,206,239,320,343,390,434,524,2507,2026-02-22T15:18:54.305484,,0.2417061611374407,1.6375,0.9633911368015412,No / Very Low
2026-02-22 15:19:23.775214,197,209,243,325,353,401,443,545,2515,2026-02-22T15:19:23.772660,TEST,0.2528735632183908,1.676923076923077,5.009633911368015,Low
2026-02-22 15:19:23.955649,198,209,244,326,352,399,442,544,2506,2026-02-22T15:19:23.772660,TEST,0.2505747126436781,1.6687116564417177,4.816955684007708,No / Very Low
2026-02-22 15:19:24.691496,197,209,243,325,351,398,440,542,2499,2026-02-22T15:19:23.772660,TEST,0.2502883506343714,1.6676923076923076,4.431599229287091,No / Very Low
2026-02-22 15:19:25.427529,197,209,243,326,353,401,443,546,2506,2026-02-22T15:19:23.772660,TEST,0.2522935779816513,1.6748466257668713,5.202312138728324,Low
2026-02-22 15:19:26.164533,197,209,243,326,353,400,443,545,2508,2026-02-22T15:19:23.772660,TEST,0.2514351320321469,1.6717791411042944,5.009633911368015,Low
2026-02-22 15:19:26.900137,197,210,244,326,353,399,443,545,2504,2026-02-22T15:19:23.772660,TEST,0.2514351320321469,1.6717791411042944,5.009633911368015,Low
2026-02-22 15:19:27.635792,157,163,194,263,215,233,282,346,2026,2026-02-22T15:19:23.772660,TEST,0.1362889983579638,1.3155893536121672,-33.33333333333333,No / Very Low
2026-02-22 15:19:28.371944,113,119,140,196,226,263,292,339,1776,2026-02-22T15:19:23.772660,TEST,0.2672897196261682,1.729591836734694,-34.68208092485549,No / Very Low
2026-02-22 15:22:16.954665,179,181,215,276,298,360,395,511,2115,2026-02-22T15:22:16.952180,,0.29860228716645487,1.8514492753623188,-1.5414258188824663,No / Very Low
2026-02-22 15:22:17.278242,180,181,214,276,298,360,395,511,2111,2026-02-22T15:22:16.952180,,0.29860228716645487,1.8514492753623188,-1.5414258188824663,No / Very Low
2026-02-22 15:22:18.013225,181,181,215,277,295,356,390,505,2092,2026-02-22T15:22:16.952180,,0.2915601023017903,1.8231046931407942,-2.697495183044316,No / Very Low
2026-02-22 15:22:18.750224,176,180,212,273,235,293,327,416,1867,2026-02-22T15:22:16.952180,,0.20754716981132076,1.5238095238095237,-19.845857418111752,No / Very Low
2026-02-22 15:22:19.339281,219,278,329,408,483,610,730,959,3285,2026-02-22T15:22:16.952180,,0.40307242136064375,2.3504901960784315,84.77842003853564,High
2026-02-22 16:03:55.054246,151,205,214,300,353,426,583,737,1968,2026-02-22T16:03:55.053841,,0.4214079074252652,2.4566666666666666,1.7955801104972375,No / Very Low
2026-02-22 16:03:55.432540,151,205,214,300,354,428,585,739,1981,2026-02-22T16:03:55.053841,,0.4225216554379211,2.4633333333333334,2.071823204419889,No / Very Low
2026-02-22 16:03:56.168458,152,206,214,301,355,430,586,743,1975,2026-02-22T16:03:55.053841,,0.42337164750957856,2.46843853820598,2.6243093922651934,No / Very Low
2026-02-22 16:03:56.904455,152,206,214,301,356,432,589,747,1980,2026-02-22T16:03:55.053841,,0.4255725190839695,2.4817275747508307,3.1767955801104977,No / Very Low
2026-02-22 16:03:58.937427,129,138,184,488,493,548,713,894,3709,2026-02-22T16:03:55.053841,,0.2937771345875543,1.8319672131147542,23.480662983425415,Moderate
2026-02-22 16:28:57.794956,29882,65535,65535,65535,65535,65535,65535,65535,65535,2026-02-22T16:28:57.267712,,0.0,1.0,0.0,No / Very Low
2026-02-22 16:28:58.558695,29865,65535,65535,65535,65535,65535,65535,65535,65535,2026-02-22T16:28:57.267712,,0.0,1.0,0.0,No / Very Low
2026-02-22 16:28:59.302006,29877,65535,65535,65535,65535,65535,65535,65535,65535,2026-02-22T16:28:57.267712,,0.0,1.0,0.0,No / Very Low
2026-02-22 16:29:00.054902,29866,65535,65535,65535,65535,65535,65535,65535,65535,2026-02-22T16:28:57.267712,,0.0,1.0,0.0,No / Very Low
2026-02-22 16:29:00.807258,29845,65535,65535,65535,65535,65535,65535,65535,65535,2026-02-22T16:28:57.267712,,0.0,1.0,0.0,No / Very Low
2026-02-22 16:29:01.561890,29842,65535,65535,65535,65535,65535,65535,65535,65535,2026-02-22T16:28:57.267712,,0.0,1.0,0.0,No / Very Low
2026-02-22 16:29:02.313103,29853,65535,65535,65535,65535,65535,65535,65535,65535,2026-02-22T16:28:57.267712,,0.0,1.0,0.0,No / Very Low
2026-02-22 16:29:03.067875,29837,65535,65535,65535,65535,65535,65535,65535,65535,2026-02-22T16:28:57.267712,,0.0,1.0,0.0,No / Very Low
2026-02-22 16:29:03.832059,29822,65535,65535,65535,65535,65535,65535,65535,65535,2026-02-22T16:28:57.267712,,0.0,1.0,0.0,No / Very Low
2026-02-22 16:29:04.573841,29834,65535,65535,65535,65535,65535,65535,65535,65535,2026-02-22T16:28:57.267712,,0.0,1.0,0.0,No / Very Low
2026-02-22 16:29:05.327013,29842,65535,65535,65535,65535,65535,65535,65535,65535,2026-02-22T16:28:57.267712,,0.0,1.0,0.0,No / Very Low
2026-02-22 16:29:06.079929,29830,65535,65535,65535,65535,65535,65535,65535,65535,2026-02-22T16:28:57.267712,,0.0,1.0,0.0,No / Very Low
2026-02-22 16:35:07.457828,12495,21433,14147,51785,65535,65535,65535,65535,65535,2026-02-22T16:35:07.457388,,0.11720081827480396,1.2655209037366033,0.0,No / Very Low
2026-02-22 16:35:07.810079,12535,21460,14179,51938,65535,65535,65535,65535,65535,2026-02-22T16:35:07.457388,,0.1157457458309569,1.2617929069274905,0.0,No / Very Low
2026-02-22 16:35:08.560896,12571,21454,14207,52090,65535,65535,65535,65535,65535,2026-02-22T16:35:07.457388,,0.11430393198724761,1.25811096179689,0.0,No / Very Low
2026-02-22 16:35:09.316777,12532,21420,14170,51943,65535,65535,65535,65535,65535,2026-02-22T16:35:07.457388,,0.11569825839731694,1.261671447548274,0.0,No / Very Low
2026-02-22 16:35:10.070015,12269,21193,13907,50959,65535,65535,65535,65535,65535,2026-02-22T16:35:07.457388,,0.12512232389650968,1.286033870366373,0.0,No / Very Low
2026-02-22 16:35:10.823271,12469,21329,14094,51726,65535,65535,65535,65535,65535,2026-02-22T16:35:07.457388,,0.11776293908460614,1.266964389281986,0.0,No / Very Low
2026-02-22 16:35:11.577325,12452,21323,14079,51676,65535,65535,65535,65535,65535,2026-02-22T16:35:07.457388,,0.11823975565433278,1.268190262404211,0.0,No / Very Low
2026-02-22 16:35:12.330637,12436,21303,14066,51624,65535,65535,65535,65535,65535,2026-02-22T16:35:07.457388,,0.11873607661383248,1.269467689446769,0.0,No / Very Low
2026-02-22 16:35:13.083405,12421,21291,14054,51564,65535,65535,65535,65535,65535,2026-02-22T16:35:07.457388,,0.11930930238516127,1.2709448452408658,0.0,No / Very Low
2026-02-22 16:35:13.836342,12402,21275,14037,51506,65535,65535,65535,65535,65535,2026-02-22T16:35:07.457388,,0.11986397928930888,1.2723760338601329,0.0,No / Very Low
2026-02-22 16:35:14.590408,12385,21258,14022,51454,65535,65535,65535,65535,65535,2026-02-22T16:35:07.457388,,0.12036174341177376,1.2736619116103705,0.0,No / Very Low
2026-02-22 16:35:15.357889,12366,21245,14001,51382,65535,65535,65535,65535,65535,2026-02-22T16:35:07.457388,,0.12105168623895585,1.275446654470437,0.0,No / Very Low
2026-02-22 16:35:16.113423,12350,21216,13983,51318,65535,65535,65535,65535,65535,2026-02-22T16:35:07.457388,,0.12166568252419707,1.2770372968549046,0.0,No / Very Low
2026-02-22 16:41:53.894174,23879,65535,58380,65535,65535,65535,65535,65535,65535,2026-02-22T16:41:53.893726,,0.0,1.0,0.0,No / Very Low
2026-02-22 16:41:54.535410,23335,65535,57266,65535,65535,65535,65535,65535,65535,2026-02-22T16:41:53.893726,,0.0,1.0,0.0,No / Very Low
2026-02-22 16:41:55.288420,23902,65535,57943,65535,65535,65535,65535,65535,65535,2026-02-22T16:41:53.893726,,0.0,1.0,0.0,No / Very Low
2026-02-22 16:41:56.042703,23919,65535,57906,65535,65535,65535,65535,65535,65535,2026-02-22T16:41:53.893726,,0.0,1.0,0.0,No / Very Low
2026-02-22 16:41:56.795680,23920,65535,57874,65535,65535,65535,65535,65535,65535,2026-02-22T16:41:53.893726,,0.0,1.0,0.0,No / Very Low
2026-02-22 16:41:57.548699,23861,65535,57780,65535,65535,65535,65535,65535,65535,2026-02-22T16:41:53.893726,,0.0,1.0,0.0,No / Very Low
2026-02-22 16:41:58.300880,23772,65535,57616,65535,65535,65535,65535,65535,65535,2026-02-22T16:41:53.893726,,0.0,1.0,0.0,No / Very Low
2026-02-22 16:41:59.055837,23690,65535,57421,65535,65535,65535,65535,65535,65535,2026-02-22T16:41:53.893726,,0.0,1.0,0.0,No / Very Low
2026-02-22 16:41:59.808746,23590,65535,57274,65535,65535,65535,65535,65535,65535,2026-02-22T16:41:53.893726,,0.0,1.0,0.0,No / Very Low
2026-02-22 16:42:00.561256,23523,65535,57105,65535,65535,65535,65535,65535,65535,2026-02-22T16:41:53.893726,,0.0,1.0,0.0,No / Very Low
2026-02-22 16:42:01.314853,23551,65535,57208,65535,65535,65535,65535,65535,65535,2026-02-22T16:41:53.893726,,0.0,1.0,0.0,No / Very Low
2026-02-22 16:42:02.068712,23409,65535,56942,65535,65535,65535,65535,65535,65535,2026-02-22T16:41:53.893726,,0.0,1.0,0.0,No / Very Low
2026-02-22 16:42:02.821360,23313,65535,56785,65535,65535,65535,65535,65535,65535,2026-02-22T16:41:53.893726,,0.0,1.0,0.0,No / Very Low
2026-02-22 16:43:24.679723,26057,65535,65311,65535,65535,65535,65535,65535,65535,2026-02-22T16:43:24.641759,,0.0,1.0,0.0,No / Very Low
2026-02-22 16:43:25.432690,28496,65535,65535,65535,65535,65535,65535,65535,65535,2026-02-22T16:43:24.641759,,0.0,1.0,0.0,No / Very Low
2026-02-22 16:43:26.186412,28062,65535,65535,65535,65535,65535,65535,65535,65535,2026-02-22T16:43:24.641759,,0.0,1.0,0.0,No / Very Low
2026-02-22 16:43:26.940105,29504,65535,65535,65535,65535,65535,65535,65535,65535,2026-02-22T16:43:24.641759,,0.0,1.0,0.0,No / Very Low
2026-02-22 16:43:27.692596,29143,65535,65535,65535,65535,65535,65535,65535,65535,2026-02-22T16:43:24.641759,,0.0,1.0,0.0,No / Very Low
2026-02-22 16:43:28.446325,29105,65535,65535,65535,65535,65535,65535,65535,65535,2026-02-22T16:43:24.641759,,0.0,1.0,0.0,No / Very Low
2026-02-22 16:43:29.198921,28920,65535,65535,65535,65535,65535,65535,65535,65535,2026-02-22T16:43:24.641759,,0.0,1.0,0.0,No / Very Low
2026-02-22 16:43:29.951604,25860,65535,65357,65535,65535,65535,65535,65535,65535,2026-02-22T16:43:24.641759,,0.0,1.0,0.0,No / Very Low
2026-02-22 16:43:30.705698,29091,65535,65535,65535,65535,65535,65535,65535,65535,2026-02-22T16:43:24.641759,,0.0,1.0,0.0,No / Very Low
2026-02-22 16:43:31.459266,29103,65535,65535,65535,65535,65535,65535,65535,65535,2026-02-22T16:43:24.641759,,0.0,1.0,0.0,No / Very Low
2026-02-22 16:43:32.212340,29100,65535,65535,65535,65535,65535,65535,65535,65535,2026-02-22T16:43:24.641759,,0.0,1.0,0.0,No / Very Low
2026-02-22 16:43:32.966233,29097,65535,65535,65535,65535,65535,65535,65535,65535,2026-02-22T16:43:24.641759,,0.0,1.0,0.0,No / Very Low
2026-02-22 16:53:05.022811,1420,3996,2862,8637,16483,18857,22740,12894,44020,2026-02-22T16:53:04.994268,,0.19771492266963914,1.4928794720389025,-80.32501716639963,No / Very Low
2026-02-22 16:53:05.772628,1236,3063,2437,7603,65535,65535,65535,61525,65535,2026-02-22T16:53:04.994268,,0.7800312463835204,8.092200447191898,-6.118867780575265,No / Very Low
2026-02-22 16:53:06.526133,33998,65535,64906,65535,65535,65535,65535,39111,65535,2026-02-22T16:53:04.994268,,-0.2525084570838828,0.5967956054016937,-40.320439459830624,No / Very Low
2026-02-22 16:53:07.264491,127,1264,409,994,1261,1169,940,669,4985,2026-02-22T16:53:04.994268,,-0.19542994588093807,0.6730382293762576,-98.97917143511101,No / Very Low
2026-02-22 16:53:08.006233,181,1748,553,1438,2125,1951,1568,1036,8213,2026-02-22T16:53:04.994268,,-0.16248989490703314,0.7204450625869263,-98.41916533150224,No / Very Low
2026-02-22 16:53:08.757494,193,1882,591,1551,1536,1388,1135,793,5886,2026-02-22T16:53:04.994268,,-0.32337883959044367,0.5112830431979368,-98.78995956359198,No / Very Low
2026-02-22 16:53:09.505514,151,1389,440,1085,1124,1000,827,618,4289,2026-02-22T16:53:04.994268,,-0.27422196124486203,0.5695852534562212,-99.05699244678416,No / Very Low
2026-02-22 16:53:10.222201,121,1056,333,778,847,750,619,492,3252,2026-02-22T16:53:04.994268,,-0.2251968503937008,0.6323907455012854,-99.24925612268254,No / Very Low
2026-02-22 16:53:10.957719,95,812,253,569,716,633,523,431,2762,2026-02-22T16:53:04.994268,,-0.138,0.7574692442882249,-99.34233615625239,No / Very Low
2026-02-22 16:53:11.693407,87,733,227,502,638,560,465,391,2453,2026-02-22T16:53:04.994268,,-0.12430011198208286,0.7788844621513944,-99.40337224383917,No / Very Low
2026-02-22 16:53:12.429385,87,738,228,505,647,565,470,391,2454,2026-02-22T16:53:04.994268,,-0.12723214285714285,0.7742574257425743,-99.40337224383917,No / Very Low
2026-02-22 16:53:13.181787,84,708,219,484,598,522,435,366,2278,2026-02-22T16:53:04.994268,,-0.1388235294117647,0.756198347107438,-99.44151979858091,No / Very Low
2026-02-22 16:53:13.902112,91,766,238,532,670,588,489,408,2579,2026-02-22T16:53:04.994268,,-0.13191489361702127,0.7669172932330827,-99.37743190661479,No / Very Low
2026-02-22 16:53:17.863560,6651,24608,12653,25240,65535,65535,65535,65535,65535,2026-02-22T16:53:17.863202,,0.44389975213439825,2.596473851030111,0.0,No / Very Low
2026-02-22 16:53:18.361922,33920,65535,64814,65535,65535,65535,65535,65535,65535,2026-02-22T16:53:17.863202,,0.0,1.0,0.0,No / Very Low
2026-02-22 16:53:19.129478,33907,65535,64760,65535,65535,65535,65535,65535,65535,2026-02-22T16:53:17.863202,,0.0,1.0,0.0,No / Very Low
2026-02-22 16:53:19.874461,11508,63547,20881,65535,46579,45336,41469,20489,65535,2026-02-22T16:53:17.863202,,-0.5236445643076351,0.312642099641413,-68.7357900358587,No / Very Low
2026-02-22 16:53:20.625664,3588,10785,7635,29572,40539,39596,38131,18864,65245,2026-02-22T16:53:17.863202,,-0.22107523329754727,0.6379007168943596,-71.21538109407187,No / Very Low
2026-02-22 16:53:21.376821,7515,39694,13835,44764,65535,65535,58803,27824,65535,2026-02-22T16:53:17.863202,,-0.2333719072022924,0.6215709051916719,-57.54329747463187,No / Very Low
2026-02-22 16:53:22.132819,9142,51634,16157,49819,58280,55840,49115,23643,65535,2026-02-22T16:53:17.863202,,-0.35632027442759523,0.4745779722595797,-63.92309452964064,No / Very Low
2026-02-22 16:53:22.876805,8232,49060,14970,45725,52015,50472,45231,21928,65535,2026-02-22T16:53:17.863202,,-0.3517508462300268,0.4795626025150355,-66.54001678492408,No / Very Low
2026-02-22 16:53:23.635955,8520,47013,15202,47802,62097,59814,51902,24753,65535,2026-02-22T16:53:17.863202,,-0.31767624560678104,0.517823522028367,-62.229343099107346,No / Very Low
2026-02-22 16:53:24.382532,32348,65535,61600,65535,65535,65535,65535,65535,65535,2026-02-22T16:53:17.863202,,0.0,1.0,0.0,No / Very Low
2026-02-22 16:53:25.151150,33849,65535,64702,65535,65535,65535,62051,29947,65535,2026-02-22T16:53:17.863202,,-0.37271946544898515,0.45696192874036773,-54.303807125963225,No / Very Low
2026-02-22 16:53:25.898980,470,5887,1823,4397,5829,6321,4475,3119,28270,2026-02-22T16:53:17.863202,,-0.17003725385843535,0.7093472822378895,-95.24071107042037,No / Very Low
2026-02-22 16:53:26.623366,462,5748,1783,4329,6026,6459,4650,3198,29658,2026-02-22T16:53:17.863202,,-0.15025906735751296,0.7387387387387387,-95.12016479743647,No / Very Low
2026-02-22 16:53:37.161060,33774,65535,64633,65535,65535,65535,65535,65535,65535,2026-02-22T16:53:36.418747,,0.0,1.0,0.0,No / Very Low
2026-02-22 16:53:37.913406,33763,65535,64621,65535,65535,65535,65535,65535,65535,2026-02-22T16:53:36.418747,,0.0,1.0,0.0,No / Very Low
2026-02-22 16:53:38.666367,33768,65535,64611,65535,65535,65535,65535,65535,65535,2026-02-22T16:53:36.418747,,0.0,1.0,0.0,No / Very Low
2026-02-22 16:53:39.421089,33760,65535,64588,65535,65535,65535,65535,65535,65535,2026-02-22T16:53:36.418747,,0.0,1.0,0.0,No / Very Low
2026-02-22 16:53:40.173493,33749,65535,64519,65535,65535,65535,65535,65535,65535,2026-02-22T16:53:36.418747,,0.0,1.0,0.0,No / Very Low
2026-02-22 16:53:40.927008,33904,65535,64887,65535,65535,65535,65535,65535,65535,2026-02-22T16:53:36.418747,,0.0,1.0,0.0,No / Very Low
2026-02-22 16:53:41.680948,25272,65535,47520,65535,65535,65535,65535,65535,65535,2026-02-22T16:53:36.418747,,0.0,1.0,0.0,No / Very Low
2026-02-22 16:53:42.434009,33930,65535,64933,65535,65535,65535,65535,65535,65535,2026-02-22T16:53:36.418747,,0.0,1.0,0.0,No / Very Low
2026-02-22 16:53:43.185174,33795,65535,64603,65535,65535,65535,65535,65535,65535,2026-02-22T16:53:36.418747,,0.0,1.0,0.0,No / Very Low
2026-02-22 16:53:43.939938,33733,65535,64493,65535,65535,65535,65535,65535,65535,2026-02-22T16:53:36.418747,,0.0,1.0,0.0,No / Very Low
2026-02-22 16:53:44.693258,33704,65535,64443,65535,65535,65535,65535,65535,65535,2026-02-22T16:53:36.418747,,0.0,1.0,0.0,No / Very Low
2026-02-22 16:53:45.447060,33877,65535,64818,65535,65535,65535,65535,65535,65535,2026-02-22T16:53:36.418747,,0.0,1.0,0.0,No / Very Low
2026-02-22 16:53:58.790710,30428,65535,65535,65535,65535,65535,65535,65535,65535,2026-02-22T16:53:58.790136,,0.0,1.0,0.0,No / Very Low
2026-02-22 16:53:59.006119,31036,65535,65535,65535,65535,65535,65535,65535,65535,2026-02-22T16:53:58.790136,,0.0,1.0,0.0,No / Very Low
2026-02-22 16:53:59.759647,27308,65535,65535,65535,65535,65535,65535,65535,65535,2026-02-22T16:53:58.790136,,0.0,1.0,0.0,No / Very Low
2026-02-22 16:54:00.512587,28808,65535,65535,65535,65535,65535,65535,65535,65535,2026-02-22T16:53:58.790136,,0.0,1.0,0.0,No / Very Low
2026-02-22 16:54:01.264503,34934,65535,65535,65535,65535,65535,65535,65535,65535,2026-02-22T16:53:58.790136,,0.0,1.0,0.0,No / Very Low
2026-02-22 16:54:02.019079,29752,65535,65535,65535,65535,65535,65535,65535,65535,2026-02-22T16:53:58.790136,,0.0,1.0,0.0,No / Very Low
2026-02-22 16:54:02.772486,33598,65535,64296,65535,65535,65535,65535,65535,65535,2026-02-22T16:53:58.790136,,0.0,1.0,0.0,No / Very Low
2026-02-22 16:54:03.527051,33753,65535,64748,65535,65535,65535,65535,57884,65535,2026-02-22T16:53:58.790136,,-0.06199207577439454,0.8832532234683756,-11.674677653162432,No / Very Low
2026-02-22 16:54:04.279740,27667,65535,65535,65535,65535,65535,65535,65535,65535,2026-02-22T16:53:58.790136,,0.0,1.0,0.0,No / Very Low
2026-02-22 16:54:05.032666,25879,65535,52450,65535,65535,65535,65535,65535,65535,2026-02-22T16:53:58.790136,,0.0,1.0,0.0,No / Very Low
2026-02-22 16:54:05.785331,25733,65535,65331,65535,65535,65535,65535,65535,65535,2026-02-22T16:53:58.790136,,0.0,1.0,0.0,No / Very Low
2026-02-22 16:54:06.540124,27031,65535,65535,65535,65535,65535,65535,65535,65535,2026-02-22T16:53:58.790136,,0.0,1.0,0.0,No / Very Low
2026-02-22 16:54:07.293019,30107,65535,65535,65535,65535,65535,65535,65535,65535,2026-02-22T16:53:58.790136,,0.0,1.0,0.0,No / Very Low
2026-02-22 16:55:18.896054,289,679,572,2102,3230,4458,4458,2438,9436,2026-02-22T16:55:18.363791,,0.07400881057268723,1.159847764034253,3485.2941176470586,High
2026-02-22 16:55:19.635014,289,679,572,2100,3228,4457,4455,2437,9430,2026-02-22T16:55:18.363791,,0.07427815737271325,1.1604761904761904,3483.8235294117644,High
2026-02-22 16:55:20.378067,289,678,572,2100,3228,4456,4454,2436,9428,2026-02-22T16:55:18.363791,,0.07407407407407407,1.16,3482.3529411764703,High
2026-02-22 16:55:21.119088,289,678,572,2100,3229,4454,4452,2435,9426,2026-02-22T16:55:18.363791,,0.07386990077177508,1.1595238095238096,3480.8823529411766,High
2026-02-22 16:55:21.860080,289,679,572,2099,3227,4453,4451,2435,9423,2026-02-22T16:55:18.363791,,0.0741067490074989,1.1600762267746545,3480.8823529411766,High
2026-02-22 16:55:22.599972,289,679,572,2101,3226,4452,4450,2433,9422,2026-02-22T16:55:18.363791,,0.07322452580502867,1.1580199904807236,3477.9411764705883,High
2026-02-22 16:55:23.348266,289,679,572,2100,3227,4451,4449,2433,9422,2026-02-22T16:55:18.363791,,0.07346128391793515,1.1585714285714286,3477.9411764705883,High
2026-02-22 16:55:24.082015,289,679,572,2099,3226,4450,4448,2432,9420,2026-02-22T16:55:18.363791,,0.07349370999779298,1.1586469747498809,3476.470588235294,High
2026-02-22 16:55:24.823184,288,679,572,2099,3226,4450,4447,2432,9421,2026-02-22T16:55:18.363791,,0.07349370999779298,1.1586469747498809,3476.470588235294,High
2026-02-22 16:55:25.563120,289,679,572,2100,3227,4449,4447,2432,9421,2026-02-22T16:55:18.363791,,0.07325684024713151,1.158095238095238,3476.470588235294,High
2026-02-22 16:55:26.304185,289,680,572,2099,3227,4450,4446,2432,9419,2026-02-22T16:55:18.363791,,0.07349370999779298,1.1586469747498809,3476.470588235294,High
2026-02-22 16:55:27.045166,289,680,572,2100,3228,4450,4448,2431,9420,2026-02-22T16:55:18.363791,,0.07305230633414257,1.1576190476190475,3475.0,High
2026-02-22 16:55:59.136134,290,693,578,2114,3249,4465,4451,2428,9451,2026-02-22T16:55:59.096815,,0.06913254073095552,1.1485335856196783,0.0,No / Very Low
2026-02-22 16:55:59.876079,290,693,578,2114,3247,4465,4451,2429,9453,2026-02-22T16:55:59.096815,,0.06933744221879815,1.1490066225165563,0.04118616144975289,No / Very Low
2026-02-22 16:56:00.627695,290,693,579,2114,3249,4466,4451,2428,9455,2026-02-22T16:55:59.096815,,0.06913254073095552,1.1485335856196783,0.0,No / Very Low
2026-02-22 16:56:01.358178,290,694,578,2115,3250,4466,4450,2428,9454,2026-02-22T16:55:59.096815,,0.06889720449042483,1.1479905437352247,0.0,No / Very Low
2026-02-22 16:56:02.099144,291,693,578,2114,3249,4466,4450,2429,9456,2026-02-22T16:55:59.096815,,0.06933744221879815,1.1490066225165563,0.04118616144975289,No / Very Low
2026-02-22 16:56:02.839258,290,694,579,2115,3250,4467,4451,2427,9458,2026-02-22T16:55:59.096815,,0.06869220607661823,1.147517730496454,-0.04118616144975289,No / Very Low
2026-02-22 16:56:03.580236,290,695,579,2116,3252,4467,4452,2428,9460,2026-02-22T16:55:59.096815,,0.06866197183098592,1.1474480151228734,0.0,No / Very Low
2026-02-22 16:56:04.321706,290,695,579,2116,3244,4456,4440,2422,9438,2026-02-22T16:55:59.096815,,0.06743058616130454,1.1446124763705103,-0.2471169686985173,No / Very Low
2026-02-22 16:56:05.062299,219,858,483,1381,2447,3737,4109,2409,8264,2026-02-22T16:55:59.096815,,0.2712401055408971,1.7443881245474293,-0.7825370675453047,No / Very Low
2026-02-22 16:56:05.808326,256,920,537,1020,40264,39994,38857,23826,44670,2026-02-22T16:55:59.096815,,0.917894228447235,23.358823529411765,881.3014827018122,High
2026-02-22 16:56:06.561414,33419,65535,64071,65535,65535,65535,65535,65535,65535,2026-02-22T16:55:59.096815,,0.0,1.0,2599.135090609555,High
2026-02-22 16:56:07.316131,33418,65535,64055,65535,65535,65535,65535,65535,65535,2026-02-22T16:55:59.096815,,0.0,1.0,2599.135090609555,High
2026-02-22 16:56:08.067595,33398,65535,64016,65535,65535,65535,65535,65535,65535,2026-02-22T16:55:59.096815,,0.0,1.0,2599.135090609555,High
2026-02-22 17:13:06.691648,2591,1947,4261,20280,48677,65535,49291,19918,65535,2026-02-22T17:13:06.605538,,-0.009005423155380865,0.9821499013806706,19237.864077669903,High
2026-02-22 17:13:07.442376,2588,1943,4256,20260,48639,65535,49249,19902,65535,2026-02-22T17:13:06.605538,,-0.008913898710223595,0.9823297137216189,19222.33009708738,High
2026-02-22 17:13:08.193505,2586,1942,4252,20246,48606,65535,49212,19890,65535,2026-02-22T17:13:06.605538,,-0.008869842535379709,0.9824162797589647,19210.679611650485,High
2026-02-22 17:13:08.945373,2584,1941,4246,20224,48539,65535,49152,19872,65535,2026-02-22T17:13:06.605538,,-0.008778930566640064,0.9825949367088608,19193.203883495145,High
2026-02-22 17:13:09.707367,2581,1939,4242,20208,48521,65535,49125,19853,65535,2026-02-22T17:13:06.605538,,-0.008861486233493922,0.9824326999208234,19174.757281553397,High
2026-02-22 17:13:10.445485,2580,1937,4240,20190,48480,65535,49096,19839,65535,2026-02-22T17:13:06.605538,,-0.008768642734017838,0.9826151560178306,19161.165048543688,High
2026-02-22 17:13:11.206631,2578,1935,4236,20175,48436,65535,49048,19827,65535,2026-02-22T17:13:06.605538,,-0.008699565021748913,0.9827509293680298,19149.514563106797,High
2026-02-22 17:13:11.943121,2596,1949,4263,20300,64719,65535,65535,25815,65535,2026-02-22T17:13:06.605538,,0.11959232353897864,1.2716748768472907,24963.106796116506,High
2026-02-22 17:13:12.693856,3773,2840,6322,29871,65535,65535,65535,27530,65535,2026-02-22T17:13:06.605538,,-0.040783261615651295,0.9216296742660105,26628.155339805824,High
2026-02-22 17:13:13.443661,3700,2747,6138,29067,65535,65535,65535,27550,65535,2026-02-22T17:13:06.605538,,-0.02679407245173711,0.9478102315340421,26647.572815533982,High
2026-02-22 17:13:14.192121,3493,2610,5825,27705,65535,65535,65535,26735,65535,2026-02-22T17:13:06.605538,,-0.017817781043350477,0.9649882692654755,25856.31067961165,High
2026-02-22 17:13:14.944657,3560,2650,5926,28092,65535,65535,65535,26670,65535,2026-02-22T17:13:06.605538,,-0.025966911361893285,0.9493806065783853,25793.203883495145,High
